run_id,code_commit,method,config_path,seed,parent_checkpoints,steps,batch_size,context,processed_targets_including_ancestry,parameters,hardware,threads,train_precision,train_seconds,validation_seconds,test_seconds,peak_ram_gb,peak_gpu_allocated_gb,validation_bpb,test_bpb,checkpoint_sha256,selected_on,notes
baseline,impl:6cce142a,baseline (supplied model.py),code/configs/baseline.json,17,,1200,32,256,9830400,1088256,CPU (local machine),4,fp32,667.626,9.300,11.856,1.56,0,2.071083,2.101260,7d869d6637d684bf4d11a9c91a9c7a3fda38191cc6849054665a24a649ea6d3f,reference anchor,"Local re-measurement of the supplied baseline; scored once on test after training, CPU FP32. peak_ram_gb is the process peak working set during full-test scoring and is the reference for the 5x CPU-time and 4 GiB budgets. Trained with --implementation model, so implementation_sha256 is model.py."
base-s17,impl:9a08cff5,baseline architecture / noise floor,code/configs/base.json,17,,1200,32,256,9830400,1088256,NVIDIA GeForce RTX 3060 Laptop GPU (6 GB),4,bf16,22.641,0.652,,,0.4381,2.072792,,46a0684d255045a58e0a8b00750f7086dad5e0c598e8fa30a606b2233cc5a583,validation (noise floor),"Noise-floor replicate. Baseline architecture re-implemented in student.py at kv_heads=4; numerical equivalence to model.py verified by tests/test_equivalence.py. Validation scored in FP32 regardless of training precision."
base-s42,impl:9a08cff5,baseline architecture / noise floor,code/configs/base.json,42,,1200,32,256,9830400,1088256,NVIDIA GeForce RTX 3060 Laptop GPU (6 GB),4,bf16,22.477,0.621,,,0.4381,2.075514,,b571638d350b8daca2a955aad067f121efe0d40a916c4451f96ef00d33b3d9de,validation (noise floor),"Noise-floor replicate."
base-s123,impl:9a08cff5,baseline architecture / noise floor,code/configs/base.json,123,,1200,32,256,9830400,1088256,NVIDIA GeForce RTX 3060 Laptop GPU (6 GB),4,bf16,22.319,0.618,,,0.4381,2.077814,,9776126796b57bd9afa2015161044dae025224020f3633db6f9aad7454ba0a98,validation (noise floor),"Noise-floor replicate. Three seeds give mean 2.075373, sigma 0.002514, decision threshold 0.0050 BPB."
c1-s17,impl:9a08cff5,candidate screening (MQA at baseline shape),code/configs/c1.json,17,,1200,32,256,9830400,989184,NVIDIA GeForce RTX 3060 Laptop GPU (6 GB),4,bf16,24.166,0.616,,,0.4368,2.079097,,5f8328f38d677337e2532786479b02efe7a6bcdedaf50898009e184b892002e5,validation (screening; not selected),"Rejected. d=128 L=4 MQA, -9.10% parameters. Difference from base-s17 = +0.006305, i.e. no improvement."
c3-s17,impl:9a08cff5,candidate screening (depth-leaning main candidate),code/configs/c3.json,17,,1200,32,256,9830400,1056272,NVIDIA GeForce RTX 3060 Laptop GPU (6 GB),4,bf16,45.810,0.721,,,0.7284,2.111076,,3f5d848eca0c4e48c6694caae460697832d5125056876eaa69d4d449fe1da360,validation (screening; not selected),"Rejected. d=112 L=6 MQA, -2.94% parameters. Difference from base-s17 = +0.038284."
c4-s17,impl:9a08cff5,candidate screening (ablation arm: MHA at c3 shape),code/configs/c4.json,17,,1200,32,256,9830400,1170176,NVIDIA GeForce RTX 3060 Laptop GPU (6 GB),4,bf16,48.090,0.697,,,0.7292,2.112802,,de634e40f9f40f9265dd13cbc8939ca7a8d5ec651281552eb931ecb1ce776253,validation (screening; not selected),"Rejected. d=112 L=6 MHA. vs c3-s17 = +0.001726, far below the 0.0050 threshold, so KV sharing is neutral rather than beneficial."
c5-s17,impl:9a08cff5,candidate screening (depth-leaning variant),code/configs/c5.json,17,,1200,32,256,9830400,1004352,NVIDIA GeForce RTX 3060 Laptop GPU (6 GB),4,bf16,44.477,0.801,,,0.5261,2.166496,,93504d043ce0aa77f036a0dd19bebfac797b4446e5599e27dda3e46cc9dddfdd,validation (screening; not selected),"Rejected. d=96 L=8 MQA, -7.71% parameters. Difference from base-s17 = +0.093704; worst of the frontier."
c6-s17,impl:9a08cff5,candidate screening (depth-leaning variant),code/configs/c6.json,17,,1200,32,256,9830400,1039620,NVIDIA GeForce RTX 3060 Laptop GPU (6 GB),4,bf16,41.445,0.931,,,0.6645,2.105199,,6af61ee88a3ac5fb93f3c7a4a35a8edaa1d2af2958c84c94c0301a76e36bc125,validation (screening; not selected),"Rejected. d=120 L=5 MQA, -4.47% parameters. Difference from base-s17 = +0.032407."
w1-s17,impl:9a08cff5,candidate screening (width-leaning),code/configs/w1.json,17,,1200,32,256,9830400,1084176,NVIDIA GeForce RTX 3060 Laptop GPU (6 GB),4,bf16,31.344,0.588,,,0.5360,2.041589,,e908bee3ce5637c49514e19480e224cf7fa340b8694ffaab230fd633b88f0b83,validation (frontier point),"d=144 L=3 MHA, -0.37% parameters. Improvement vs base-s17 = 0.031203 (-1.51%)."
w2-s17,impl:9a08cff5,candidate screening (width-leaning),code/configs/w2.json,17,,1200,32,256,9830400,1069152,NVIDIA GeForce RTX 3060 Laptop GPU (6 GB),4,bf16,24.796,0.692,,,0.4653,2.004238,,a746fccd5a169e0312b573b350ef37611c50f4d6b51171c9a339b154ba5fd8b9,validation (frontier point),"d=168 L=2 MHA, -1.75% parameters. Improvement vs base-s17 = 0.068554 (-3.31%)."
w3-s17,impl:9a08cff5,candidate screening (width-leaning),code/configs/w3.json,17,,1200,32,256,9830400,1083532,NVIDIA GeForce RTX 3060 Laptop GPU (6 GB),4,bf16,30.903,0.780,,,0.5476,2.032553,,cb4f765511d4652c7bd67c2082c141d33e79cbabe4363ef107a73eab510ba3e4,validation (frontier point),"d=152 L=3 MQA, -0.43% parameters. Improvement vs base-s17 = 0.040239 (-1.94%). KV sharing kept to test whether MQA helps at this shape; it does not."
w4-s17,impl:9a08cff5,candidate screening (width-leaning),code/configs/w4.json,17,,1200,32,256,9830400,1111120,NVIDIA GeForce RTX 3060 Laptop GPU (6 GB),4,bf16,25.910,0.714,,,0.4688,1.998419,,15e10f627eb4e03bdaf96082624d8f454f99c685d5f6880f7b6773f24e870a21,validation (frontier point),"d=172 L=2 MHA, +2.10% parameters. Improvement vs base-s17 = 0.074373 (-3.59%)."
w5-s17,impl:9a08cff5,candidate screening (width-leaning),code/configs/w5.json,17,,1200,32,256,9830400,1090980,NVIDIA GeForce RTX 3060 Laptop GPU (6 GB),4,bf16,18.198,0.573,,,0.3915,1.959555,,58b58685917cfcb3014291206b96b1fdd1b3c675ec5406479517434111d3d50f,validation (frontier point),"d=220 L=1 MHA, +0.25% parameters. Improvement vs base-s17 = 0.113237 (-5.46%). Used as the within-band point for SC-002 because its parameter count is inside +/-3%."
w6-s17,impl:9a08cff5,candidate screening (width-leaning),code/configs/w6.json,17,,1200,32,256,9830400,1153856,NVIDIA GeForce RTX 3060 Laptop GPU (6 GB),4,bf16,25.075,0.588,,,0.4772,1.983545,,2602c723aaf8200573ef10cc457e5c381de1c5f3a8d7758868532c2e68f55224,validation (frontier point; out of band),"d=176 L=2 MHA, +6.03% parameters, outside the self-imposed +/-3% band. Improvement vs base-s17 = 0.089247 (-4.31%). Disclosed as an out-of-band probe."
w7-s17,impl:9a08cff5,candidate screening (width-leaning; selected),code/configs/w7.json,17,,1200,32,256,9830400,1121568,NVIDIA GeForce RTX 3060 Laptop GPU (6 GB),4,bf16,13.214,0.550,,,0.3489,1.943094,,ac25570c74665ec46c821d2a1f54b5eb45c0bfce323c86bd5f6af25122551a3e,validation (selected),"d=224 L=1 MHA, +3.06% parameters, marginally outside the self-imposed +/-3% band. Improvement vs base-s17 = 0.129698 (-6.26%). Best validation BPB of the frontier; frozen as the submitted predictor after its test run."
w8-s17,impl:9a08cff5,candidate screening (width-leaning),code/configs/w8.json,17,,1200,32,256,9830400,1030956,NVIDIA GeForce RTX 3060 Laptop GPU (6 GB),4,bf16,18.571,0.584,,,0.3865,1.958463,,641cf5af6e8ba283df29434396f164f8d32cc4c61e643249a53984643903d47a,validation (frontier point),"d=212 L=1 MHA, -5.26% parameters. Improvement vs base-s17 = 0.114329 (-5.52%)."
w7-s42,impl:9a08cff5,winner confirmation,code/configs/w7.json,42,w7-s17,1200,32,256,9830400,1121568,NVIDIA GeForce RTX 3060 Laptop GPU (6 GB),4,bf16,12.669,0.542,,,0.3489,1.948854,,e867316373b8720db66581840c63cd44d0608bf83c32d32c7b5663d825b76c83,validation (confirmation),"Confirmation seed for W7; no checkpoint ancestry (independent run from random init). Three-seed mean 1.948740, sigma 0.005590."
w7-s123,impl:9a08cff5,winner confirmation,code/configs/w7.json,123,w7-s17,1200,32,256,9830400,1121568,NVIDIA GeForce RTX 3060 Laptop GPU (6 GB),4,bf16,12.670,0.549,,,0.3489,1.954273,,fe3f6bbd51a89b050d00092bba424385af9121452256a09de8d27722a1c64297,validation (confirmation),"Confirmation seed for W7; no checkpoint ancestry (independent run from random init). Worst W7 seed (1.954273) is still better than the best baseline seed (2.072792)."
w5-s17-val-budget,impl:9a08cff5,evaluation only (budget measurement),code/configs/w5.json,17,w5-s17,0,0,256,9830400,1090980,CPU (local machine),4,fp32,0,8.867,,1.800,0,1.959555,,58b58685917cfcb3014291206b96b1fdd1b3c675ec5406479517434111d3d50f,validation (SC-002 point),"Full-validation CPU FP32 scoring of the frozen w5-s17 checkpoint to measure CPU time and peak RAM. Validation scored on CPU because the official budget is CPU-based. Asset size 4.17 MiB."
w7-s17-val-budget,impl:9a08cff5,evaluation only (budget measurement),code/configs/w7.json,17,w7-s17,0,0,256,9830400,1121568,CPU (local machine),4,fp32,0,8.579,,1.801,0,1.943094,,ac25570c74665ec46c821d2a1f54b5eb45c0bfce323c86bd5f6af25122551a3e,validation (frozen predictor),"Full-validation CPU FP32 scoring of the frozen w7-s17 checkpoint. Same checkpoint as the test run below; this is the before-freeze budget measurement. Asset size 4.29 MiB."
w7-s17-test,impl:9a08cff5,evaluation only (frozen test),code/configs/w7.json,17,w7-s17,0,0,256,9830400,1121568,CPU (local machine),4,fp32,0,,9.790,1.801,0,,1.974276,ac25570c74665ec46c821d2a1f54b5eb45c0bfce323c86bd5f6af25122551a3e,test (after freeze),"RECORDED SCORE: full-test BPB on 428405 targets and 1292013 UTF-8 bytes, CPU FP32. Method frozen before this run; no selection used the test split. Report value is the bpb field of runs/w7-s17/test_cpu_fp32.json."
w7-s17-test-rerun,impl:9a08cff5,evaluation only (reproducibility check),code/configs/w7.json,17,w7-s17,0,0,256,9830400,1121568,CPU (local machine),4,fp32,0,,9.884,0,0,,1.974276,ac25570c74665ec46c821d2a1f54b5eb45c0bfce323c86bd5f6af25122551a3e,test (reproducibility only),"Second run of the identical command on the identical checkpoint. BPB is bit-identical to w7-s17-test (difference 0.000E+000), well inside the 1e-3 requirement. Wall time differs by 0.094 s; peak RAM was not separately recorded for this repeat."
w7-s17-r1200-ctrl,impl:9a08cff5+train:93aed0d7,control: W7 recipe reproducibility,code/configs/w7.json,17,,1200,32,256,9830400,1121568,NVIDIA GeForce RTX 3060 Laptop GPU,4,bf16,12.405,0.630,,,0.3489,1.9430872588953936,,b2c615d171d5189195b89f1d0bcb2176b8f15a8d9575c403dffd15f54a5cc2cd,control (no selection),"First re-run of the frozen W7 recipe, before the train.py edit. Validation 1.943087 against the recorded 1.943094, i.e. 7e-06 apart: a fixed seed reproduces the run and historical comparisons stay valid."
w7-s17-r1200-ctrl2,impl:9a08cff5+train:93aed0d7,control: default flags are inert,code/configs/w7.json,17,,1200,32,256,9830400,1121568,NVIDIA GeForce RTX 3060 Laptop GPU,4,bf16,12.327,0.519,,,0.3489,1.943105317303975,,4499f1dc3d15264348338aead0d4a6d098a909097cd2ef6e5d747bba21acd2e9,control (no selection),"Second control re-run, now through the edited train.py with both new flags at their defaults. 1.943105 against 1.943087 and 1.943094 for the earlier re-runs (1.8e-05 spread), so --weight-decay-1d .1 and --ema-decay 0 reproduce the original recipe."
w7h2-s17,impl:9a08cff5+train:93aed0d7,screening: head count (parameters and MACs unchanged),code/configs/w7h2.json,17,,1200,32,256,9830400,1121568,NVIDIA GeForce RTX 3060 Laptop GPU,4,bf16,12.811,0.520,,,0.3488,1.9489812504777788,,4e50b868bb86efe120f747980166abe6f1e9f0b73b54ec11fb7b94dd5372b2f7,validation (rejected),"Rejected. heads=2, head_dim=112 at the W7 shape. Validation 1.948981, i.e. +0.005887 against w7-s17: worse, though only 1.2x the gate. Multi-head attention keeps 4d^2+4d parameters per block at any head count, so this run is parameter- and MACs-neutral."
w7h7-s17,impl:9a08cff5+train:93aed0d7,screening: head count (parameters and MACs unchanged),code/configs/w7h7.json,17,,1200,32,256,9830400,1121568,NVIDIA GeForce RTX 3060 Laptop GPU,4,bf16,12.535,0.542,,,0.3490,1.9544916317934156,,ae8809de426f3f89fd8ee6bc8f0754613406bd0d2a13f5e0ecab757c2e89ab08,validation (rejected),"Rejected. heads=7, head_dim=32. Validation 1.954492, +0.011398 against w7-s17."
w7h14-s17,impl:9a08cff5+train:93aed0d7,screening: head count (parameters and MACs unchanged),code/configs/w7h14.json,17,,1200,32,256,9830400,1121568,NVIDIA GeForce RTX 3060 Laptop GPU,4,bf16,13.030,0.552,,,0.3492,1.965600304989578,,d632aade05abbf8340a0a32fe37b8ed83bee3a3cf9a95823cda07425a0d5442d,validation (rejected),"Rejected. heads=14, head_dim=16. Validation 1.965600, +0.022507 against w7-s17. Head count degrades monotonically in both directions from heads=4, so it is not a free lever."
base-s17-r2400,impl:9a08cff5+train:93aed0d7,training-target scaling (baseline architecture),code/configs/base.json,17,,2400,32,256,19660800,1088256,NVIDIA GeForce RTX 3060 Laptop GPU,4,bf16,48.191,0.563,,,0.4381,1.881350750411318,,119427f4f624f8509b16d2436cf5ce82f6546a505caf72ea416bcadd0528f489,validation (scaling curve),"base.json with --steps 2400 (2x targets, 19,660,800). Validation 1.881351. Paired with w7-s17-r2400 to keep the architecture comparison at equal processed targets."
w7-s17-r2400,impl:9a08cff5+train:93aed0d7,training-target scaling (W7),code/configs/w7.json,17,,2400,32,256,19660800,1121568,NVIDIA GeForce RTX 3060 Laptop GPU,4,bf16,24.489,0.417,,,0.3489,1.8060349150441835,,591ae0870c7bdbbd2271a28ea4de56832b9edbbae0c4b70ae8bc70fe42a1ffbc,validation (scaling curve),"w7.json with --steps 2400. Validation 1.806035. Against base-s17-r2400 the W7 advantage is 0.075316, down from 0.129698 at 1,200 steps but still 15x the gate."
base-s17-r3600,impl:9a08cff5+train:93aed0d7,training-target scaling (baseline architecture),code/configs/base.json,17,,3600,32,256,29491200,1088256,NVIDIA GeForce RTX 3060 Laptop GPU,4,bf16,73.298,0.524,,,0.4381,1.795245113065272,,6531477eae3c9918c0777144ad31cb2fdc3c88d3e490ef6520990da228acf40d,validation (scaling curve),"base.json with --steps 3600 (29,491,200 targets). Validation 1.795245."
w7-s17-r3600,impl:9a08cff5+train:93aed0d7,training-target scaling (W7),code/configs/w7.json,17,,3600,32,256,29491200,1121568,NVIDIA GeForce RTX 3060 Laptop GPU,4,bf16,36.903,0.415,,,0.3489,1.7641893302844263,,59cbb8648bbe3f3f0ee09d749c164cdc74bc77ade6306158512fd3958aa379c8,validation (scaling curve),"w7.json with --steps 3600. Validation 1.764189; W7 advantage over the paired baseline falls to 0.031056, i.e. 6.2x the gate. The advantage is decaying with training targets."
w7-s17-r2400-nowd,impl:9a08cff5+train:93aed0d7,screening: 1-D parameters excluded from weight decay,code/configs/w7.json,17,,2400,32,256,19660800,1121568,NVIDIA GeForce RTX 3060 Laptop GPU,4,bf16,24.717,0.527,,,0.3489,1.802683706091761,,79b1072a026f917d3c90e88e22677996668a039c570f439a9be22b131909e040,validation (rejected),"Rejected. --weight-decay-1d 0 at 2,400 steps. Validation 1.802684 against 1.806035 for the matched default run: a gain of 0.003351, below the 0.0050 gate, so not confirmed."
w7-s17-r2400-ema,impl:9a08cff5+train:93aed0d7,screening: exponential moving average of the weights,code/configs/w7.json,17,,2400,32,256,19660800,1121568,NVIDIA GeForce RTX 3060 Laptop GPU,4,bf16,26.176,0.524,,,0.3552,1.8059847394222392,,5215c19b72f27d9a47c53b6e63261f8b8ce5fa6ccb45bc343834ee002f54f9e4,validation (rejected),"Rejected. --ema-decay 0.995 at 2,400 steps (horizon about 200 steps). Averaged weights score 1.803701 against 1.805985 for the raw weights of the same run: a gain of 0.002284, below the gate. Raw weights 1.805985 vs 1.806035 for the plain run, so the EMA bookkeeping does not perturb training. Checkpoint stores the averaged weights in 'model' and the raw ones in 'model_raw'."
base-s17-r4800,impl:9a08cff5+train:93aed0d7,training-target scaling (baseline architecture),code/configs/base.json,17,,4800,32,256,39321600,1088256,NVIDIA GeForce RTX 3060 Laptop GPU,4,bf16,98.140,0.533,,,0.4381,1.752345204517598,,d380d791d9cc92e9a72785db1265defd041f26ab2f9f6a9ad733fd4ad520d766,validation (scaling curve),"base.json with --steps 4800 (39,321,600 targets). Validation 1.752345."
w7-s17-r4800,impl:9a08cff5+train:93aed0d7,training-target scaling (W7),code/configs/w7.json,17,,4800,32,256,39321600,1121568,NVIDIA GeForce RTX 3060 Laptop GPU,4,bf16,48.969,0.421,,,0.3489,1.7424663122706965,,dbfe3604c3a688f29ee853aadae8a367d6272262b49e64126e9362917e607248,validation (scaling curve),"w7.json with --steps 4800. Validation 1.742466; W7 advantage down to 0.009879, under 2x the gate."
base-s17-r6000,impl:9a08cff5+train:93aed0d7,training-target scaling (baseline architecture),code/configs/base.json,17,,6000,32,256,49152000,1088256,NVIDIA GeForce RTX 3060 Laptop GPU,4,bf16,122.334,0.518,,,0.4381,1.726356566835828,,0c8400daafba065a1e9f69bbd88a770a07522f04fb5618cf9d1aa8242dd22b80,validation (scaling curve),"base.json with --steps 6000 (49,152,000 targets). Validation 1.726357."
w7-s17-r6000,impl:9a08cff5+train:93aed0d7,training-target scaling (W7),code/configs/w7.json,17,,6000,32,256,49152000,1121568,NVIDIA GeForce RTX 3060 Laptop GPU,4,bf16,61.729,0.422,,,0.3489,1.7278353696797566,,5af8cfb314f81d1025c1bc71a7757d277e28f7c7ae192cc9e036b4a64759daff,validation (scaling curve),"w7.json with --steps 6000. Validation 1.727835. The W7 advantage is +0.001478 in favour of the baseline, which is inside the seed sigma of 0.002514: the two are tied here. The sign change is the crossover documented in REPORT.md."
base-s17-r12000,impl:9a08cff5+train:93aed0d7,training-target scaling (baseline architecture),code/configs/base.json,17,,12000,32,256,98304000,1088256,NVIDIA GeForce RTX 3060 Laptop GPU,4,bf16,266.328,0.558,,,0.4381,1.68455881860243,,5514cb261359c76b1017b4b81c5fa7b6def0f81565ebf5961b9b3c32e50d6bd5,validation (scaling curve),"base.json with --steps 12000 (98,304,000 targets = 27.2 epochs). Validation 1.684559. The last 1,200 steps bought only 0.000107, so training has saturated at this step count."
w7-s17-r12000,impl:9a08cff5+train:93aed0d7,training-target scaling (W7),code/configs/w7.json,17,,12000,32,256,98304000,1121568,NVIDIA GeForce RTX 3060 Laptop GPU,4,bf16,138.095,0.402,,,0.3489,1.7152124611482606,,c4ae57c1c4b016a97d24b16db5acd82e2da25514b9dac83e544161588ed96ee3,validation (scaling curve),"w7.json with --steps 12000. Validation 1.715212, so the same architecture that won the 1,200-step frontier is the worst point of the ladder once training is saturated (baseline better by 0.030653, 6.1x the gate)."
w2-s17-r12000,impl:9a08cff5+train:93aed0d7,equal-parameter depth ladder at the saturating step count,code/configs/w2.json,17,,12000,32,256,98304000,1069152,NVIDIA GeForce RTX 3060 Laptop GPU,4,bf16,240.744,0.599,,,0.4653,1.6790319314488515,,355318877465ecc4e74bc39bb197baea64fa85044751ceb25eb22e90c855fc55,validation (finalist),"d=168 L=2 at 12,000 steps. Validation 1.679032. Statistically tied with w1-s17-r12000 (0.002839 apart, under the gate); both are carried into the seed replicates."
w1-s17-r12000,impl:9a08cff5+train:93aed0d7,equal-parameter depth ladder at the saturating step count,code/configs/w1.json,17,,12000,32,256,98304000,1084176,NVIDIA GeForce RTX 3060 Laptop GPU,4,bf16,305.772,0.543,,,0.5360,1.676192769891438,,f170b9e0a20c1be97daf033e9fdba027a433194a65e74da0fa77ba0cc059d3f0,validation (finalist),"d=144 L=3 at 12,000 steps. Validation 1.676193, the best point of the ladder across all eight depths. Carried into the seed replicates."
mhal5-s17-r12000,impl:9a08cff5+train:93aed0d7,equal-parameter depth ladder at the saturating step count,code/configs/mhal5.json,17,,12000,32,256,98304000,1082396,NVIDIA GeForce RTX 3060 Laptop GPU,4,bf16,439.204,0.917,,,0.6580,1.6902920827199965,,953c7cba9ac2bcf366fd70ed4b6637ebab51781ee8854c4e4ded1cec44d18c74,validation (screening; not selected),"d=116 L=5, multi-head (the supplied c6.json is the same depth with MQA, which would have mixed a second variable into the ladder). Validation 1.690292."
mhal6-s17-r12000,impl:9a08cff5+train:93aed0d7,equal-parameter depth ladder at the saturating step count,code/configs/mhal6.json,17,,12000,32,256,98304000,1097280,NVIDIA GeForce RTX 3060 Laptop GPU,4,bf16,532.215,1.093,,,0.7158,1.684303929573342,,fa2f5740b97c743709dd0da070b6c92d8005fd03abf7c7f255e2ad2feeae19ab,validation (screening; not selected),"d=108 L=6, multi-head. Validation 1.684304, tied with the L=4 baseline point (0.000255 apart)."
mhal7-s17-r12000,impl:9a08cff5+train:93aed0d7,equal-parameter depth ladder at the saturating step count,code/configs/mhal7.json,17,,12000,32,256,98304000,1079700,NVIDIA GeForce RTX 3060 Laptop GPU,4,bf16,606.392,1.085,,,0.7721,1.70145800822278,,e9fed02e79f94a9f15505a6bbece9f4b77b63cf2d0b9cc43863cd76436ac15c1,validation (screening; not selected),"d=100 L=7, multi-head."
mhal8-s17-r12000,impl:9a08cff5+train:93aed0d7,equal-parameter depth ladder at the saturating step count,code/configs/mhal8.json,17,,12000,32,256,98304000,1116096,NVIDIA GeForce RTX 3060 Laptop GPU,4,bf16,441.714,0.713,,,0.5277,1.69747623626152,,482c1c6d39ae4b59e69fc20a16a889faa967067fc72a576574ace85eb3e57f2f,validation (screening; not selected),"d=96 L=8, multi-head."
w2-s42-r12000,impl:9a08cff5+train:93aed0d7,seed replicate of the selected ladder point,code/configs/w2.json,42,,12000,32,256,98304000,1069152,NVIDIA GeForce RTX 3060 Laptop GPU,4,bf16,218.600,0.540,,,0.4653,1.6707183076206975,,b0d853d8682c6332b32062bfe7136a64bbcae9cbd5353b9b303b5aad0cb57760,validation (finalist),"Seed replicate for the ladder selection. Three seeds give mean 1.673206, sigma 0.005064 (seed 17: 1.679032, this run: 1.670718, seed 123: 1.669866). The same three seeds for L3 (d144) give mean 1.680418, sigma 0.007712, so mean(L3) - mean(L2) = +0.007212 with standard error 0.005327 (t = 1.35). The two ladder points are therefore NOT distinguishable at n = 3: the single-seed ranking that made L3 look best did not reproduce. L2 was frozen because it is cheaper on both axes (1,069,152 parameters and 849,408 MACs/token, versus 1,084,176 and 967,680 for L3) at measured-equal quality, not because it is significantly better."
w2-s123-r12000,impl:9a08cff5+train:93aed0d7,seed replicate of the selected ladder point,code/configs/w2.json,123,,12000,32,256,98304000,1069152,NVIDIA GeForce RTX 3060 Laptop GPU,4,bf16,218.769,0.540,,,0.4653,1.669866265813142,,b186bb99694999118df3b168f7b29596a3761fe24f51142250e51c13469c5598,validation (finalist),"Seed replicate for the ladder selection; same three-seed statistics as w2-s42-r12000. This replicate has the lowest validation BPB of the three (1.669866) but no seed-based selection was applied: the frozen checkpoint is the pre-registered seed 17, consistent with how W7 was frozen earlier. Note that the seed spread at 12,000 steps (0.005-0.008) is wider than the 1,200-step noise floor of 0.002514 recorded in research.md R8, so the 0.0050 gate is being applied outside the regime it was calibrated in."
w1-s42-r12000,impl:9a08cff5+train:93aed0d7,seed replicate of the ladder runner-up,code/configs/w1.json,42,,12000,32,256,98304000,1084176,NVIDIA GeForce RTX 3060 Laptop GPU,4,bf16,282.985,0.469,,,0.5360,1.675741341547585,,19bae4423bac3bb2365977ee03f0d3fd61eae32db19cb70564ff79af3d912dee,validation (not selected),"Seed replicate for the ladder selection. Three seeds give mean 1.680418, sigma 0.007712 (seed 17: 1.676193, this run: 1.675741, seed 123: 1.689320). Not selected; the comparison is recorded on the w2 seed rows. L3 costs 15,024 more parameters and 118,272 more MACs per token than L2 at measured-equal validation quality."
w1-s123-r12000,impl:9a08cff5+train:93aed0d7,seed replicate of the ladder runner-up,code/configs/w1.json,123,,12000,32,256,98304000,1084176,NVIDIA GeForce RTX 3060 Laptop GPU,4,bf16,277.728,0.470,,,0.5360,1.6893197379996505,,e380571f9811ddaef89f0e890b988e4fe8d47187918e0f7d0a7f1de4a926b90c,validation (not selected),"Seed replicate for the ladder selection; same three-seed statistics as w1-s42-r12000. This replicate (1.689320) is 0.013579 above the other two L3 seeds, which is why the three-seed sigma (0.007712) is the largest of the finalists."
w2-s17-r12000-test,impl:9a08cff5+train:93aed0d7,evaluation only (frozen test),code/configs/w2.json,17,w2-s17-r12000,0,0,256,98304000,1069152,CPU (local machine),4,fp32,0,,10.833,1.8004,0,,1.700524654440853,355318877465ecc4e74bc39bb197baea64fa85044751ceb25eb22e90c855fc55,test (after freeze),"RECORDED SCORE: full-test BPB on 428,405 targets and 1,292,013 UTF-8 bytes, CPU FP32, 4 threads. The method was frozen before this run and no selection used the test split. peak_ram_gb is the process peak working set sampled every 150 ms during this scoring run. Report value is the bpb field of runs/w2-s17-r12000/test_cpu_fp32.json. Asset size 4.09 MiB."
w2-s17-r12000-test-rerun,impl:9a08cff5+train:93aed0d7,evaluation only (reproducibility check),code/configs/w2.json,17,w2-s17-r12000,0,0,256,98304000,1069152,CPU (local machine),4,fp32,0,,10.831,,0,,1.700524654440853,355318877465ecc4e74bc39bb197baea64fa85044751ceb25eb22e90c855fc55,test (reproduction),"SC-008 check: the identical command re-run reproduces the test BPB bit-for-bit (difference 0.000E+000), the same property previously demonstrated for w7-s17."
